Good Life Dal Mix 500 g,₹ 59.00,₹ 59.00
Good Life Urad Washed Gota 500 g,₹ 73.00,₹ 73.00
Gemini Refined Sunflower Oil 5 L (Jar),₹ 565.00,₹ 565.00
Gemini Refined Ricebran Oil 1 L (Pouch),₹ 129.00,₹ 129.00
Good Life Tur Dal 1 kg,₹ 108.00,₹ 108.00
Varalakshmi Premium Sabudana / Sago 1 kg,₹ 80.00,₹ 80.00
Good Life Rice Bran Oil 1 Ltr,₹ 99.00,₹ 99.00
Loose Basmati Mogra Rice 1 Kg,₹ 45.00,₹ 45.00
Good Life Urad Whole 500 g,₹ 65.00,₹ 65.00
Good Life Urad Dal Chilka 500 g,₹ 68.00,₹ 68.00
Good Life Masoor Dal 1 kg,₹ 95.00,₹ 95.00
Tata Sampann High Protein Unpolished Tur / Arhar Dal 1 kg,₹ 129.00,₹ 129.00
Loose Wada Kolam Premium Rice 1 Kg,₹ 54.90,₹ 54.90
Good Life Idli Rice 1 kg ,₹ 49.50,₹ 49.50
Date Crown Bumaan Dates 500 g,₹ 204.60,₹ 204.60
Good Life Roasted Chana Dal / Bengal Gram 200 g,₹ 25.00,₹ 25.00
Everest Chhole Masala 100 g,₹ 55.44,₹ 55.44
Gemini Refined Sunflower Oil 1 L (Pouch),₹ 109.00,₹ 109.00
Tata Sampann High Protein Unpolished Moong Dal 1 kg,₹ 176.70,₹ 176.70
Suhana Biryani Masala 50 g,₹ 59.40,₹ 59.40
Good Life Ginger Garlic Paste 200 g,₹ 29.00,₹ 29.00
Good Life Phool Makhana 250 g,₹ 219.00,₹ 219.00
Daawat Rozana Super Basmati Rice 1 kg,₹ 59.00,₹ 59.00
Good Life Tur Dal Oily 1 kg ,₹ 116.00,₹ 116.00
Suhana Ambari Turmeric Powder 100 g,₹ 26.97,₹ 26.97
Fortune Refined Soyabean Oil 1 L,₹ 109.00,₹ 109.00
Good Life Jirasar Rice 1 kg,₹ 49.00,₹ 49.00
India Gate Feast Rozzana Basmati Rice 5 kg,₹ 389.00,₹ 389.00
Suhana Ambari Mirchi Powder 100 g,₹ 39.99,₹ 39.99
Loose Chana Dal 1 kg,₹ 61.00,₹ 61.00
Good Life Badang Murmura 200 g,₹ 27.90,₹ 27.90
Best Farm Maize Popcorn Kernels 500 g,₹ 55.80,₹ 55.80
Fortune Jubilee Regular Long Grain Rice 1 kg,₹ 43.00,₹ 43.00
Loose Moong Dal 1 kg,₹ 130.00,₹ 130.00
Good Life Thick Poha / Aval 1 kg,₹ 46.00,₹ 46.00
Good Life Thick Poha / Aval 500 g,₹ 23.00,₹ 23.00
Kohinoor Charminar Rozana Basmati Rice 5 kg,₹ 279.00,₹ 279.00
Good Life Tibar Basmati Rice 1Kg,₹ 69.00,₹ 69.00
Good Life Pure Crystal Sugar 1 kg,₹ 45.00,₹ 45.00
Pick N Cook Premium Moong Dal 1 kg,₹ 180.00,₹ 180.00
Good Life Sugar M 5 kg,₹ 209.00,₹ 209.00
Pick N Cook Maha Toor Dal 1 kg,₹ 120.00,₹ 120.00
Good Life Surti Kolam Rice 1 kg,₹ 62.00,₹ 62.00
Trust Classic Sulphurless Sugar 1 kg,₹ 46.00,₹ 46.00
Laxmi Poha 1 kg,₹ 53.00,₹ 53.00
Good Life Mixed Dry Fruits 500 g,₹ 289.00,₹ 289.00
Good Life Wada Kolam Rice 1 kg,₹ 62.00,₹ 62.00
Tur / Arhar Dal 2 kg,₹ 190.00,₹ 190.00
Raw Peanuts 1 Kg (Loose),₹ 125.00,₹ 125.00
Sunrich Refined Sunflower Oil 1 L (Pouch),₹ 99.00,₹ 99.00
Fortune Rice Bran Oil 1 L,₹ 115.00,₹ 115.00
Good Life Kabuli Chana 500 g,₹ 50.00,₹ 50.00
Daawat Biryani Basmati Rice 1 kg,₹ 169.00,₹ 169.00
Good Life Chana Dal 500 g,₹ 40.00,₹ 40.00
Bemisal Shahi Pakwan Premium Rice 1 kg,₹ 46.33,₹ 46.33
Good Life Toor Dal 500 g,₹ 56.00,₹ 56.00
Good Life Moong Dal 500 g,₹ 72.00,₹ 72.00
Good Life Masoor Dal 500 g,₹ 55.00,₹ 55.00
Good Life Moong Dal 1 kg,₹ 139.00,₹ 139.00
Daawat Pulav Basmati Rice 1 kg,₹ 99.00,₹ 99.00
Fortune Sunlite Refined Sunflower Oil 1 L (Pouch),₹ 109.00,₹ 109.00
Good Life W320 Cashews 500 g,₹ 449.00,₹ 449.00
Good Life Raw Peanuts 1 kg,₹ 160.00,₹ 160.00
Vandevi 2001 Brown Hing 50 g,₹ 57.66,₹ 57.66
Tata Lite Free Flow Iodised Salt 1 kg,₹ 32.00,₹ 32.00
Good Life Almonds 500 g,₹ 399.00,₹ 399.00
Good Life Kachi Ghani Mustard Oil 1 L (Bottle),₹ 109.00,₹ 109.00
Indiagate Basmati Super Rozzana 1kg Pouch,₹ 89.00,₹ 89.00
Ruchi Gold Refined Palmolein Oil 1 L (Pouch),₹ 84.00,₹ 84.00
Saffola Gold RiceBran Based Blended Oil 1 L (Pouch),₹ 129.27,₹ 129.27
Healthy Heart Refined Rice Bran Oil 1 L,₹ 102.00,₹ 102.00
Good Life Kachi Ghani Mustard Oil 1 L (Pouch),₹ 106.00,₹ 106.00
Good Life Phool Makhana 100 g,₹ 109.00,₹ 109.00
Loose Surti Kolam Rice 1 Kg,₹ 54.50,₹ 54.50
Aashirvaad Whole Wheat Atta 5 kg,₹ 210.00,₹ 210.00
India Gate Classic Basmati Rice 1 kg,₹ 189.00,₹ 189.00
Good Life Jeera 100 g,₹ 30.00,₹ 30.00
Aashirvaad Whole Wheat Atta 1 kg,₹ 48.36,₹ 48.36
Good Life MP Wheat Chakki Atta 1 kg,₹ 39.00,₹ 39.00
Good Life Rozana Dubar Basmati Rice 1 Kg,₹ 57.00,₹ 57.00
Good Life Green Cardamom 25 g,₹ 147.87,₹ 147.87
Loose Sugar M 1 Kg,₹ 39.00,₹ 39.00
Pick N Cook Masoor Dal 500 g,₹ 63.00,₹ 63.00
Sunny Sunlite Refined Sunflower Oil 1 L (Pouch),₹ 99.00,₹ 99.00
Sunny Lite Refined Sunflower Oil 5 L (Jar),₹ 510.00,₹ 510.00
Aashirvaad Whole Wheat Atta 10 kg,₹ 385.00,₹ 385.00
Pick N Cook Masoor Dal 1 kg,₹ 120.00,₹ 120.00
Saffola Gold Edible Vegetable Blended Oil 5 L (Jar),₹ 765.00,₹ 765.00
Loose HMT Kolam Rice,₹ 43.00,₹ 43.00
Loose Pulav Rice Standard 1 Kg,₹ 54.00,₹ 54.00
Good Life MP Wheat Chakki Atta 10 kg,₹ 325.00,₹ 325.00
Tez Kachi Ghani Mustard Oil 1 L (Bottle),₹ 139.50,₹ 139.50
Good Life MP Wheat Chakki Atta 5 kg,₹ 169.00,₹ 169.00
Surti Kolam Rice 10 kg,₹ 545.00,₹ 545.00
Priya Fortified With Vitamin A & D Refined Sunflower Oil 1 L (Pouch),₹ 94.00,₹ 94.00
India Gate Super Basmati Rice 1 kg,₹ 169.00,₹ 169.00
Good Life Refined Sunflower Oil 1 L (Pouch),₹ 101.00,₹ 101.00
Daawat Rozana Gold Basmati Rice 5 kg,₹ 379.00,₹ 379.00
Laxmi Brand Jaya Mamra 500 g,₹ 45.00,₹ 45.00
Good Life Jeera 500 g,₹ 119.00,₹ 119.00
Daawat Devaaya Basmati Rice 1 kg,₹ 85.00,₹ 85.00
Good Life Big Mustard 100 g,₹ 13.00,₹ 13.00
Kohinoor Charminar Select Basmati Rice 1 kg,₹ 85.00,₹ 85.00
Saffola Active RiceBran Based Blended Oil 1 L (Pouch),₹ 119.00,₹ 119.00
Good Life Jeera 200 g,₹ 54.50,₹ 54.50
Daawat Super Basmati Rice 1 kg,₹ 111.00,₹ 111.00
Super Sarvottam Rice Bran Oil 1 L (Pouch),₹ 94.00,₹ 94.00
Loose Lokwan Grade 1 1 Kg,₹ 28.00,₹ 28.00
Tez Kachi Ghani Mustard Oil 1 L (Pouch),₹ 135.00,₹ 135.00
Daawat Devaaya Basmati Rice 5 kg,₹ 399.00,₹ 399.00
Aashirvaad Select Sharbati Whole Wheat Atta 5 kg,₹ 265.00,₹ 265.00
Everest Turmeric Powder 100 g,₹ 24.64,₹ 24.64
Tata I-Shakti Cooking Soda 100 g,₹ 13.95,₹ 13.95
Good Life Fine Mustard 100 g,₹ 13.00,₹ 13.00
Guinea Filtered Pure Groundnut Oil 1 L,₹ 220.00,₹ 220.00
Wada Kolam Rice 10 kg Bag,₹ 549.00,₹ 549.00
Loose Toor Dal Value 1 kg,₹ 95.00,₹ 95.00
Good Life Chilli Powder 100 g,₹ 31.00,₹ 31.00
Good Life Coriander Powder 100 g,₹ 23.00,₹ 23.00
Chakki Whole Wheat Atta 5 kg,₹ 159.00,₹ 159.00
Maida 500 g,₹ 21.50,₹ 21.50
Chakki Atta 10 kg,₹ 299.00,₹ 299.00
Rawa / Sooji 1 kg,₹ 43.00,₹ 43.00
Maida 1 kg,₹ 43.00,₹ 43.00
Besan 1 kg,₹ 75.00,₹ 75.00
Besan 500 g,₹ 37.50,₹ 37.50
Puro Healthy Salt 1 kg,₹ 87.00,₹ 87.00
Tez Kachchi Ghani Mustard Oil 500 ml (Bottle),₹ 76.00,₹ 76.00
Good Life Coriander Powder 200 g,₹ 40.92,₹ 40.92
Good Life Turmeric Powder 200 g,₹ 40.92,₹ 40.92
Good Life Turmeric Powder 100 g,₹ 21.00,₹ 21.00
Good Life Filtered Groundnut Oil 1 L,₹ 139.00,₹ 139.00
Good Life Chilli Powder 200 g,₹ 57.66,₹ 57.66
Daawat Brown Basmati Rice 1 kg,₹ 139.00,₹ 139.00
Rawa / Sooji 500 g,₹ 21.50,₹ 21.50
Aashirvaad Pure Iodised Salt 1 kg,₹ 15.00,₹ 15.00
Sunday Refined Sunflower Oil 1 L (Pouch),₹ 107.00,₹ 107.00
Sunday Refined Sunflower Oil 5 L (Jar),₹ 535.00,₹ 535.00
Smith & Jones Ginger Garlic Paste 200 g,₹ 44.64,₹ 44.64
Loose Poha Mota Bag 1 Kg,₹ 46.00,₹ 46.00
Leonardo Pomace Olive Oil 5 L (Tin),₹ 2,049.00,₹ 2,049.00
Tata Iodised Salt 1 kg,₹ 18.00,₹ 18.00
Sunrich Refined Sunflower Oil 5 L (Jar),₹ 525.00,₹ 525.00
Good Life Soya Wadi / Chunks 500 g,₹ 65.00,₹ 65.00
